A,B,result,RefD
Quantum_computer,Computational_complexity_theory,1,0.069381669
Prediction,Recurrence_relation,0,0.003783752
Divide_and_conquer_algorithm,SQL,0,0.01649068
Computer_science,Graph_theory,1,-0.235921099
Web_service,Support_vector_machine,0,0.0
Scientific_visualization,Newton's_method,0,0.002945539
Genetic_algorithm,Cloud_computing,0,-0.000992413
Computer_simulation,Kinematics,0,-0.009231054
Abstraction_(computer_science),Reinforcement_learning,0,0.020057228
Computer_vision,Artificial_intelligence,1,0.239632356
Lisp_(programming_language),Robot,0,0.001195359
Game_theory,Mathematical_model,1,-0.11293466
Random_graph,Stochastic,0,-0.006692808
Formal_language,String_(computer_science),1,-0.064094882
Reason,Gradient_descent,0,0.000704678
Congestion_control,B-tree,0,0.0
Dynamic_memory_allocation,Operating_system,1,0.363324815
Object-oriented_programming,Embedded_system,0,0.003713688
Artificial_intelligence,Application_programming_interface,0,-0.058871964
First-order_logic,Control_flow,0,0.001272719
Fourier_analysis,Application_programming_interface,0,0.0
Monte_Carlo_method,Algorithm,1,0.02238388
Robotics,Computer_programming,1,-0.021627223
Syntax,Computer_programming,0,-0.01503495
Virtual_reality,Amortized_analysis,0,-0.029576049
Round-off_error,Numerical_analysis,1,0.281093334
Big_data,Monte_Carlo_method,0,0.00488966
Mathematical_optimization,Logic_programming,0,-0.019036172
Unsupervised_learning,Robotics,0,0.077041402
Image_analysis,Software_development,0,0.002636675
Cryptography,Rendering_(computer_graphics),0,-0.105106818
Machine_learning,Computer_science,1,-0.120130835
Formal_methods,Autonomous_robot,0,-0.016930341
Mathematical_model,Digital_electronics,0,0.00339561
Communication,Object-oriented_programming,0,-0.00330887
Motion_capture,Computer_graphics,1,0.024170774
3D_computer_graphics,Image_processing,1,0.010943681
Theoretical_computer_science,Computation,1,-0.084283775
Computer_simulation,Wireless_sensor_network,0,0.003473788
Design_of_experiments,Complexity,0,-0.021855532
Automata_theory,Programming_language,0,0.065114266
Variable_(computer_science),Program_optimization,0,-0.029907929
Query_optimization,SQL,1,0.318324938
List_of_undecidable_problems,Congestion_control,0,0.0
Graphical_user_interface,Calculus,0,-0.001963682
Server_(computing),Shortest_path_problem,0,-0.004093186
Recursion,Logic,1,0.365198192
Modular_arithmetic,Discrete_mathematics,1,-0.034149021
Complexity,Mathematics,1,0.264187683
Coding_theory,User_interface,0,-0.016271607
Support_vector_machine,Semantics,0,0.003779787
Query_optimization,Finite_difference,0,0.0
World_Wide_Web,Computer_simulation,0,-0.048344053
Quantum_cryptography,Relational_algebra,0,0.0
MapReduce,Variable_(computer_science),0,0.003225535
Transaction_processing,Concurrency_control,1,0.046234393
SQL,Computer_programming,1,-0.051527436
Complexity,Expert_system,0,-0.001478695
Superscalar,Denotational_semantics,0,0.001956346
Database_design,Human-computer_interaction,0,-0.010121773
Big_data,Communications_protocol,0,-0.010311989
Social_network,Parsing,0,0.001080055
Computational_complexity_theory,Message_passing,0,-0.020301813
Performance_tuning,Complexity_class,0,0.0
Network_security,Expected_value,0,0.005731788
Spanning_tree,Suffix_tree,0,0.0
Microcode,Linear_algebra,0,0.008618934
Algorithm,Integer,1,0.061223783
Wavelet,Flow_network,0,0.0
Cluster_analysis,Communication,0,0.003759091
Cache_coherence,Probability_theory,0,0.0
Debugging,Computer_programming,1,-0.01861446
Central_processing_unit,Variable_(computer_science),0,-0.072948788
Pushdown_automaton,Automata_theory,1,0.423673082
Kernel_(computing),Generic_programming,0,0.021144111
Very_long_instruction_word,Lisp_(programming_language),0,0.010871365
Scope_(computer_science),Computer_programming,1,0.170110933
Machine_learning,Artificial_intelligence,1,0.13739716
Geometry,Statistics,0,0.07116264
Array_data_structure,Ordinary_differential_equation,0,0.005456993
Imperative_programming,Computer,1,0.013356446
Parsing,Programming_language,1,0.152406698
Database_normalization,Packet_switching,0,0.0
Round-off_error,Computer_simulation,0,0.028223822
Machine_learning,Probability,1,0.043967415
Complexity_class,Computational_complexity_theory,1,0.32337629
Poisson_distribution,Probability_theory,1,0.135721589
Inference,Probability,1,0.029118932
Computer_science,Computer,1,0.055717655
Flow_network,Algorithm_design,0,0.027948543
Natural_language,Embedded_system,0,-0.006859711
Compiler_optimization,Prediction,0,0.0
MATLAB,Flow_network,0,0.0
Combinational_logic,Information_assurance,0,0.0
Numerical_analysis,Floating_point,1,-0.021388975
Statistical_hypothesis_testing,Statistical_inference,1,-0.090868071
Visualization_(computer_graphics),Mathematics,1,0.065935137
Fast_Fourier_transform,Inter-process_communication,0,-0.003462029
Random_variable,System_programming,0,-0.013251682
Machine_translation,NP_(complexity),0,0.0
Number_theory,Ordinary_differential_equation,0,-0.044077173
Multi-core_processor,Game_theory,0,0.000685108
Randomized_algorithm,Conditional_probability,1,0.01562381
Large_deviations_theory,Wavelet,0,0.028335759
Computer_network,Web_server,0,-0.109507574
C++,Input/output,0,-0.067151212
Ray_tracing_(graphics),Profiling_(computer_programming),0,0.003073184
Formal_grammar,Modular_programming,0,-0.025656968
Prolog,Web_server,0,0.008518482
Inheritance_(object-oriented_programming),Fast_Fourier_transform,0,-0.008232488
Algorithm,Mathematics,1,0.146581374
Variable_(computer_science),Scheduling_(computing),0,-0.000262781
Question_answering,Introduction_to_Algorithms,0,0.0
Foundations_of_mathematics,Artificial_intelligence,0,0.049798661
Undecidable_problem,Context-free_language,0,-0.090979275
Polymorphism_(computer_science),Programming_language,1,0.303596663
Object-oriented_programming,Data,1,0.007385722
Cryptography,Mathematical_proof,1,-0.024588988
Query_optimization,Index_(database),1,0.043668058
Cloud_computing,Operating_system,0,0.147818944
Pushdown_automaton,Atomicity_(database_systems),0,0.0
Continuous_function,Kernel_(computing),0,0.0
Computer_security,Processor_register,0,-0.014513093
Computational_geometry,Stochastic,0,-0.030987143
Programming_language,Computer_programming,1,-0.186405143
Prolog,Parallel_algorithm,0,-0.016737178
Network_security,Security,1,-0.05478427
Combinatorics,Algebra,1,0.00331308
Natural_language_processing,Assembly_language,0,-0.037056691
Object_(computer_science),String_(computer_science),0,0.159885451
Syntax,Deadlock,0,-0.009539975
Malware,Computer_security,1,0.183897795
Computer_architecture,Authentication,0,0.01401601
Database_design,Robotics,0,0.009124279
Rendering_(computer_graphics),Computer_graphics,1,0.315011967
Parallel_computing,Shared_memory,1,-0.308322733
Quantum_mechanics,Continuous_function,1,-0.041742813
Partial_differential_equation,Mathematics,1,0.38471224
Decision_theory,Computational_geometry,0,-0.093564506
Public-key_cryptography,Traffic_analysis,0,-0.038535934
Finite-state_machine,Logic,1,0.05891692
Dynamic_programming,Algorithm_design,1,0.150313759
Graph_theory,Lexical_analysis,0,0.013925314
Memory_hierarchy,Computer_architecture,1,-0.052820762
Memory_management,Combinational_logic,0,0.011175992
Mathematical_optimization,Random_variable,1,0.018687182
SQL,Computer_science,1,0.007014349
Congestion_control,Logic_programming,0,0.004482701
Autonomous_robot,Introduction_to_Algorithms,0,0.0
Boundary_value_problem,Iterative_method,0,-0.00955953
Divide_and_conquer_algorithm,Wireless_sensor_network,0,0.0
Ray_tracing_(graphics),Rendering_(computer_graphics),1,0.160630365
Random_walk,Graph_theory,1,0.042675399
Application_programming_interface,Computer_programming,1,0.063802398
Polymorphism_(computer_science),Database_management_system,0,0.032331353
Computation,Statistical_inference,0,-0.001483314
Authentication,Information_security,1,0.194596421
Integral,Mathematics,1,0.399552002
Ordinary_differential_equation,Nonlinear_system,1,-0.286372936
Amortized_analysis,Finite_element_method,0,0.0
Superscalar,Lexical_semantics,0,0.0
Embedded_system,Microprocessor,1,-0.304481401
Graphical_model,Probability_theory,1,0.02026466
Computational_complexity_theory,Discrete_mathematics,1,-0.141178137
String_(computer_science),Computer_programming,1,0.04319733
Probability,Graph_theory,0,-0.086231142
Operating_system,Random_graph,0,-0.002726828
Abstraction_(computer_science),Finite_set,0,0.012604169
Algebra,Arithmetic,1,0.047684814
Theory_of_computation,Arithmetic,0,0.084603979
Computability,Computer_science,1,0.360371733
Computer_programming,Logic,1,0.03524482
Ray_tracing_(graphics),Computational_geometry,1,0.033873803
Turing_machine,Theory_of_computation,1,-0.140557724
Bioinformatics,Pipeline_(computing),0,-0.005402671
Firewall_(computing),Functional_programming,0,-0.00646421
Exponential_family,SQL,0,0.002435733
Functional_programming,Variable_(computer_science),1,-0.096493597
Computability,Nonlinear_system,0,0.0
Rendering_(computer_graphics),Computer,1,0.02366149
Dynamic_memory_allocation,Peer-to-peer,0,0.004635142
Software_engineering,Theory_of_computation,1,-0.129477883
Database_transaction,Computability,0,0.0
Polynomial,Mathematics,1,0.449067747
Web_service,Inter-process_communication,0,0.018627281
Symbol_table,Iterative_method,0,0.0
Computational_problem,Graphical_user_interface,0,0.0
Graph_theory,Computational_science,1,-0.054322817
Hidden_Markov_model,Probability,1,0.123943498
Autonomous_robot,Robotics,1,0.289221093
Virtual_memory,Operating_system,1,0.1526306
Image_processing,Computer_programming,1,-0.001926979
Software_framework,Computer_programming,1,-0.061069049
Database_design,Graphical_user_interface,0,0.002215539
Parsing,Lexical_analysis,1,-0.333677133
Relational_model,Flow_network,0,0.0
Network_security,Computer_network,1,0.092730874
Prolog,Logic_programming,1,-0.119391879
Program_optimization,Spanning_tree,0,0.0
Hidden_Markov_model,Rendering_(computer_graphics),0,0.000877567
Routing,OSI_model,1,0.029843463
Programming_paradigm,Neural_network,0,0.041301649
Computational_geometry,Computer_science,1,0.150213383
Recursion_(computer_science),Queue_(data_structure),0,0.013628258
Graphical_model,Statistical_inference,1,0.019427766
Peer-to-peer,Computer_network,1,0.159545009
Mathematical_optimization,Lazy_evaluation,0,-0.01119708
Analysis_of_algorithms,Finite_element_method,0,-0.00175629
Shortest_path_problem,Graph_theory,1,0.096878244
Program_analysis,Computer_science,1,0.392641374
Scope_(computer_science),Programming_language,1,0.362059481
Cryptography,Computational_complexity_theory,1,-0.167246579
Array_data_structure,Data_structure,1,0.137543703
Index_(database),Database,1,0.42612453
Monte_Carlo_method,Instruction_set,0,-0.001949428
Formal_language,Computer_science,1,-0.051724502
Malware,Computer_network,1,0.100820559
Cryptography,Mathematics,1,-0.050884001
Queue_(data_structure),Mobile_device,0,0.0
Software_design,Programming_language,1,-0.126400442
Matrix_(mathematics),Computer_vision,0,0.111409466
Query_optimization,Database,1,0.472550149
Analysis_of_algorithms,Computational_complexity_theory,1,0.229124895
Neural_network,Algorithm,1,0.048948028
Mathematical_optimization,Matrix_(mathematics),1,0.0341639
Computational_learning_theory,Probability,1,0.058301
Estimation_theory,Statistical_inference,1,0.065567657
Virtual_reality,Formal_verification,0,-0.029104373
Concurrency_control,Database_management_system,1,0.424898758
Round-off_error,Randomization,0,-0.001818663
Martingale_(probability_theory),Markov_chain,1,0.276121127
Congestion_control,Security,0,0.0
Object_(computer_science),Kalman_filter,0,0.0
Symmetric_multiprocessing,Martingale_(probability_theory),0,0.0
Computer_multitasking,Query_optimization,0,-0.028190298
Data_mining,Programming_language,1,-0.009538734
Formal_methods,Analysis_of_algorithms,1,-0.085233369
Graphical_model,Data,1,-0.357281726
Database_management_system,Mutual_exclusion,0,-0.036938538
Cryptanalysis,Cryptography,1,0.009186855
Imperative_programming,Computer_science,1,0.221594853
Decision_theory,Computing,0,-0.051131291
Communications_protocol,Synchronization,1,-0.000372498
Support_vector_machine,Algorithm,1,0.100453598
Artificial_intelligence,Computational_complexity_theory,1,-0.155304807
Boundary_value_problem,Quantum_cryptography,0,-0.001414865
Inter-process_communication,Operating_system,1,-0.03324004
Traffic_analysis,Array_data_structure,0,-0.002345659
Automatic_programming,Computer_science,1,0.267443271
Computational_problem,Computer_science,1,0.286025711
Object-oriented_programming,Computer_science,1,0.081052133
Analysis_of_algorithms,Introduction_to_Algorithms,1,-0.075849866
Digital_electronics,Programming_language,0,0.017127585
Database_system,Database,1,0.0
Scheduling_(computing),Computing,1,0.049213968
Divide_and_conquer_algorithm,Modular_arithmetic,0,0.04700842
Sequence_alignment,Feature_extraction,0,-0.017781855
Linear_programming,Graphical_model,0,0.00266651
Correlation_and_dependence,Hidden_Markov_model,0,0.021857186
Polynomial,Integer,1,0.238065235
Semantics,Computer_science,0,0.068944435
Computer_vision,Computer_science,1,-0.148284572
Machine_learning,Computational_complexity_theory,1,-0.081543014
Central_processing_unit,Unix,0,-0.081451868
Recursion_(computer_science),Programming_language,1,0.122637411
Transaction_processing,Computer_science,1,0.063388109
Analysis_of_algorithms,Combinatorics,1,-0.140881631
Least_squares,Exponential_family,0,0.418083656
Algorithm_design,Algorithm,1,0.0
Application_programming_interface,Formal_methods,0,0.043979529
Vector_processor,Interface_(computing),0,0.012850661
Control_flow,Microcode,0,-0.009207255
Communication,Programming_paradigm,0,-0.016412611
Signal_processing,Probability,1,0.017771936
Randomized_algorithm,Social_network,0,-0.009437726
Object-oriented_programming,Very_long_instruction_word,0,-0.009525326
Transaction_processing,Software_engineering,0,0.021486394
Time_complexity,Computer_science,1,0.249286836
Denotational_semantics,Large_deviations_theory,0,0.0
Linear_programming,Algorithm,1,0.109124826
Finite_difference,Web_service,0,0.0
Firewall_(computing),Application_programming_interface,0,0.032870174
Object-oriented_programming,Parsing,0,-0.000862831
PSPACE,Turing_machine,1,0.28773515
Mathematical_optimization,Arithmetic,1,-0.023010786
Design_of_experiments,Scientific_visualization,0,-0.003502352
Computer_simulation,Memory_management,0,0.007774343
Lexical_analysis,Probability_theory,0,0.0
Garbage_collection_(computer_science),Generic_programming,0,-0.034396745
Polynomial,Halting_problem,0,-0.003250695
Approximation_algorithm,Computer_science,1,0.194818269
Security,MATLAB,0,0.0
Relational_database,Poisson_distribution,0,0.0
Computer_security,Security,1,-0.125341271
System_programming,Computer,1,0.09592073
Variable_(computer_science),Programming_language,1,0.372199075
Statistical_hypothesis_testing,Motion_capture,0,-0.001954069
Cryptanalysis,Mathematics,1,0.069149878
Data_(computing),Randomized_algorithm,0,0.0155256
Interaction_design,User_interface,1,-0.143457694
File_system,Operating_system,1,0.246911427
Probability_theory,Lexical_analysis,0,0.0
Cryptography,Computer_security,1,-0.077825103
Embedded_system,Relational_algebra,0,-0.015122758
Quantum_computer,Procedural_programming,0,-0.004192639
Personal_computer,Graph_theory,0,-0.012981552
Java_(programming_language),Compiler,1,-0.026001685
Newton's_method,Sentiment_analysis,0,-0.002570991
Turing_machine,Automata_theory,1,0.316775755
Stochastic_process,Randomness,1,-0.051947212
Time_complexity,Computational_complexity_theory,1,0.322972214
C_(programming_language),Social_network,0,-0.002879586
Analysis_of_algorithms,Data_(computing),0,0.022503702
Computational_complexity_theory,Algorithm_design,1,0.189828923
Recursion,Algorithm,1,0.040636041
Scripting_language,Graphics_processing_unit,0,0.049281179
Pushdown_automaton,Computer_science,1,0.293141533
Ordinary_differential_equation,Mathematics,1,0.403017679
Artificial_intelligence,Logic,1,-0.010922504
Software_development,Software_engineering,1,0.310302294
Correlation_and_dependence,Theoretical_computer_science,0,-0.007109509
System_programming,Probability,0,0.035751366
Probability_theory,Scientific_modelling,0,-0.01600823
Regular_language,Calculus_of_variations,0,0.004380219
Firewall_(computing),Computer_security,1,0.20540469
Multiplication,Wavelet,0,0.014028015
Reinforcement_learning,Statistical_hypothesis_testing,0,0.025340924
Relational_algebra,Memory_management,0,0.0
Central_processing_unit,Computer_architecture,1,0.16607596
Application_programming_interface,Automata_theory,0,0.033723051
Tensor,Fast_Fourier_transform,0,-0.022453055
Relational_database,Estimation_theory,0,0.0
Asymptotic_analysis,User_interface_design,0,0.0
Firewall_(computing),Information_security,1,0.218086679
Database_management_system,Kinematics,0,0.001235993
Model_checking,Mechanical_engineering,0,-0.001269555
Cryptographic_hash_function,Cryptography,1,-0.046213564
Polynomial,Array_data_structure,0,-0.011960996
Scripting_language,Programming_language,1,0.273883752
Lisp_(programming_language),Database,0,0.037742662
Monte_Carlo_method,Statistical_inference,1,0.310483604
Structured_programming,Analysis_of_algorithms,0,0.008340394
Algorithm,Virtual_reality,0,-0.101931909
Assembly_language,Programming_language,1,-2.03e-05
Context-free_grammar,Computer_science,1,0.285474337
Semidefinite_programming,Central_processing_unit,0,0.0
Web_browser,Reinforcement_learning,0,-0.01171372
Database_transaction,Round-off_error,0,0.0
3D_computer_graphics,Compiler_optimization,0,-0.003342518
Sufficient_statistic,Robot,0,0.002354728
Pipeline_(computing),Design_of_experiments,0,0.01213939
Software_engineering,Computer,1,0.020090041
Memory_management,Network_security,0,0.002843121
Object_(computer_science),Computer_science,1,0.388252748
CPU_cache,Computer,1,0.025828456
Very_long_instruction_word,Computational_problem,0,0.004536311
Analysis_of_algorithms,Microprocessor,0,0.026739064
Superscalar,Relational_database_management_system,0,0.000239363
Inference,Unix,0,0.001631007
"Best,_worst_and_average_case",Computational_geometry,0,0.029341662
Probability_theory,Entropy,0,-0.021992719
Computability,Machine_translation,0,-0.00367428
"Best,_worst_and_average_case",Computer_science,1,0.498133199
Geometry,Data_warehouse,0,0.0
Recursively_enumerable_set,Knowledge_representation_and_reasoning,0,-0.013284217
Statistics,Arithmetic,1,-0.078564486
Probability,Neural_network,0,-0.016384972
Parametric_polymorphism,Complexity,0,-0.005736983
Machine_translation,Prolog,0,-0.004130379
Compiler,Programming_language,1,0.090673281
Instruction_set,Software_development,0,-0.013579473
Software_development,Computer_programming,1,-0.014584073
Linked_list,Computer_science,1,0.437668158
Sufficient_statistic,Random_variable,1,-0.23041384
CPU_cache,Performance_tuning,1,-0.10842936
Conditional_probability,Natural_language,0,0.0
Sparse_matrix,Matrix_(mathematics),1,0.301433046
Semidefinite_programming,Linear_programming,1,0.499264053
Natural_language_processing,Superscalar,0,-0.017485804
Finite-state_machine,Theory_of_computation,1,0.0137122
Computer_programming,Synchronization,0,-0.009402844
High-level_programming_language,Computer,1,0.012599411
Computational_learning_theory,Distributed_computing,0,0.060015884
Arithmetic_logic_unit,List_of_undecidable_problems,0,0.0
SQL,Database,1,-0.002208553
Computational_complexity_theory,Polynomial,1,-0.001116817
Mathematical_proof,Computer_science,0,0.088113563
Matrix_(mathematics),Mathematics,1,0.368831289
Assembly_language,Debugging,0,-0.048319707
Relational_database,Analysis_of_algorithms,1,0.003688752
Graph_theory,Ordinary_differential_equation,0,-0.013811903
Bayesian_network,Digital_signature,0,0.0
Lexical_analysis,Stack_(data_structure),0,-0.006826484
OSI_model,Computer_network,1,0.052100941
Digital_signature,Feature_extraction,0,0.0
Approximation,String_searching_algorithm,0,-0.020993873
Graph_coloring,Graph_theory,1,0.370399455
Continuous_function,Suffix_tree,0,0.0
Artificial_intelligence,Reason,1,-0.070192332
Programmer,Object_(computer_science),0,0.018230388
Mathematical_optimization,Mathematical_model,1,-0.048211545
Regular_expression,Relational_algebra,0,-0.021984774
Scheduling_(computing),Polymorphism_(computer_science),0,0.010229067
Inheritance_(object-oriented_programming),Object_(computer_science),1,0.169858236
Cryptanalysis,Algorithm,1,0.092754966
Recommender_system,Machine_learning,1,0.096661161
Superscalar,Lock_(computer_science),0,-0.010958148
C_(programming_language),Programming_language,1,0.004167278
Inter-process_communication,Data,1,0.136776172
Malware,Functional_programming,0,-0.010170348
Computer,Digital_electronics,1,0.043791393
First-order_logic,Floating_point,0,-0.004700895
Semantics,Bayesian_network,0,-0.001994178
Undecidable_problem,Computer_science,1,0.11503078
P_versus_NP_problem,Programmer,0,-0.005932333
Variable_(computer_science),Computing,0,0.102486015
Compiler_optimization,Python_(programming_language),0,0.087107053
Operating_system,Communication,0,-0.004534762
User_interface_design,Software_design,0,0.10328522
Data,Semidefinite_programming,0,-0.00209412
Suffix_tree,Database_transaction,0,0.0
Dynamic_programming,Mathematics,1,0.054598473
Server_(computing),Computer,1,0.171969091
Instruction_set,Computer,1,0.017820421
Digital_signature,Expected_value,0,0.0
Performance_tuning,Type_system,0,0.0
Java_(programming_language),Computer_programming,1,-0.084167452
Inheritance_(object-oriented_programming),Computational_science,0,-0.003994379
Statistics,Randomness,1,-0.458360674
Distributed_algorithms,Algorithm,1,0.152909801
Wireless_sensor_network,Database_system,0,0.026070126
Lexical_analysis,Regular_expression,1,0.044662437
Input/output,Computer,1,0.186785323
Communication,Program_analysis,0,0.0
Halting_problem,Theory_of_computation,1,-0.043074751
Linear_algebra,Continuous_function,0,0.094546921
Computer_vision,Algorithm_design,1,0.045733415
Public-key_cryptography,Algorithm,1,0.121945644
Artificial_intelligence,Computer_science,1,-0.195915518
Machine_learning,Probability_theory,1,-0.103939185
OSI_model,User_interface_design,0,-0.012339936
Lisp_(programming_language),Recursion_(computer_science),0,0.22258168
String_searching_algorithm,Turing_machine,0,0.114423368
Computer_network,Computer_science,1,-0.11460556
Monte_Carlo_method,Economics,0,0.054291682
Computer_network,Nonlinear_system,0,-0.057130948
System_programming,Automatic_programming,0,-0.005831664
Digital_signature,Algorithm,1,0.088267701
Computational_learning_theory,Parametric_polymorphism,0,-0.004274115
Spanning_tree,Mathematics,1,0.183335916
Graph_theory,Mathematics,1,0.148375886
Thread_(computer_science),Scripting_language,0,-0.053003593
Reason,Computer_simulation,0,0.001095563
Stochastic_process,Probability,1,-0.061026632
Procedural_programming,Least_squares,0,0.0
Encryption,Model_checking,0,-0.004786028
Natural_language_processing,Knowledge_representation_and_reasoning,0,-0.283602687
NP-complete,Machine_translation,0,-0.002315369
Relational_database_management_system,Thread_(computer_science),0,-0.002446994
Divide_and_conquer_algorithm,NP_(complexity),0,0.015873902
Flow_network,Concurrency_(computer_science),0,0.021099794
Arithmetic,Software_testing,0,-0.015429278
Reinforcement_learning,Artificial_intelligence,1,0.354714297
Computer_security,Asymptotic_analysis,0,-0.016967912
Data_type,PageRank,0,-0.003480245
Artificial_intelligence,Algorithm,1,0.01156779
User_interface_design,Polymorphism_(computer_science),0,0.003668505
Calculus,Arithmetic,1,-0.054645271
HTML,Computer,1,-0.016753249
ML_(programming_language),Programming_language,1,0.460901626
Speech_recognition,Queue_(data_structure),0,0.0
Time_complexity,Algorithm,1,0.196861825
Computer_vision,Computer_programming,1,-0.203812272
Memory_management,Database_system,0,0.026357767
Undecidable_problem,Computational_complexity_theory,1,0.07757871
Memory_management,Mathematical_model,0,0.0
Computational_complexity_theory,Theoretical_computer_science,1,-0.056493803
Kalman_filter,Expected_value,1,0.046531617
Concurrency_control,Computer_science,1,0.118596387
Packet_switching,First-order_logic,0,-0.001495998
ML_(programming_language),Java_(programming_language),0,0.446028699
Arithmetic_logic_unit,Computer,1,0.168916588
Compiler,Randomized_algorithm,0,0.106860781
Entropy,Probability,1,0.017952136
Data_structure,Data,1,0.035782627
Predicate_logic,Foundations_of_mathematics,1,0.076341419
Internet,Routing,1,-0.106885068
Concurrency_control,Analysis_of_algorithms,1,0.013997076
Python_(programming_language),Computer,1,-0.022114387
Public-key_cryptography,Discrete_mathematics,1,-0.025501436
Correlation_and_dependence,Data,1,-0.007853384
Computer_animation,Mathematics,1,-0.017449316
Peer-to-peer,Natural_language,0,0.005034533
Computational_geometry,Artificial_intelligence,0,0.206424893
Kinematics,Spanning_tree,0,-0.009413219
Semantics_of_programming_languages,Linear_system,0,0.0
Mathematical_model,Integer,1,0.030493996
Database_normalization,Database,1,0.327306847
Game_theory,Probability_theory,1,-0.29521624
Abstract_data_type,Integer,1,0.08008049
Abstract_data_type,Information_security,0,0.020008646
Integral,Speech_recognition,0,0.003505111
Computer_software,Computer,1,0.011145463
Garbage_collection_(computer_science),Automatic_programming,0,-0.00484896
Formal_methods,Stochastic_process,0,0.016720275
Volume_rendering,Computer_graphics,1,0.282197526
Operating_system,Computer,1,-0.10083713
Statistical_hypothesis_testing,Support_vector_machine,0,-0.071207745
Decision_theory,Algorithm,1,0.021750582
Symbol_table,Finite_element_method,0,0.012173974
Control_flow,Statistics,0,0.012950706
Algorithm,Computing,1,-0.287005769
Spanning_tree,Statistics,0,0.024458105
Randomized_algorithm,Introduction_to_Algorithms,1,0.096217915
Database_management_system,Relational_algebra,1,-0.293015424
Programmer,Mechanical_engineering,0,0.074363177
Expected_value,Performance_tuning,0,-0.029978588
Software_engineering,Object-oriented_programming,1,0.048866283
Stochastic_process,Continuous_function,1,0.025732338
Linked_list,Lexical_analysis,0,-0.008019762
Algorithm,Logic,1,0.09072039
Unix,Operating_system,1,0.454652047
Statistics,Mathematics,1,-0.053380594
Wavelet,Computer_science,0,0.013063856
Natural_language_processing,Algorithm_design,1,0.027121456
Computational_complexity_theory,Mathematics,1,-0.045245831
Approximation_algorithm,Mathematical_optimization,1,0.207867626
Multi-core_processor,Vector_processor,1,0.076319496
Asymptotic_analysis,Debugging,0,0.002874595
Parallel_computing,Numerical_analysis,0,-0.143758529
Unsupervised_learning,Debugging,0,-0.065356891
Interface_(computing),Foundations_of_mathematics,0,0.0
CPU_cache,Artificial_intelligence,0,0.037751896
Calculus_of_variations,Integral,1,0.111898268
Quantum_mechanics,Probability,1,-0.033174635
Central_processing_unit,Support_vector_machine,0,-0.007735534
Lock_(computer_science),Data_warehouse,0,0.009892956
Introduction_to_Algorithms,Speech_recognition,0,0.0
Monte_Carlo_method,Integral,1,0.030382411
List_of_undecidable_problems,Support_vector_machine,0,0.0
Computer_programming,Computer,1,0.022738801
Relational_model,Data,1,0.07767294
Distributed_computing,Operating_system,1,0.056021102
Assembly_language,Computer,1,-0.002246245
Machine_translation,Algorithm,1,0.045402982
Routing,Computer,1,0.009267744
Distributed_computing,Software_design,0,-0.11024933
Context-free_grammar,String_(computer_science),1,0.059109429
Logic_programming,Computer_programming,1,0.000766727
Quantum_computer,Theoretical_computer_science,1,-0.005536404
Kernel_(computing),Data_warehouse,0,0.0
Garbage_collection_(computer_science),Bayesian_network,0,0.002774904
Ordinary_differential_equation,Superscalar,0,-0.001942053
System_programming,Computer_programming,1,0.117842507
P_versus_NP_problem,Dynamic_memory_allocation,0,0.0
Newton's_method,Numerical_analysis,1,0.077356844
Mathematics,Social_network,0,-0.061495981
Run_time_(program_lifecycle_phase),Computer_science,1,0.114113686
Large_deviations_theory,Parallel_computing,0,0.009396311
Algebra,Software_framework,0,-0.022408603
Mathematical_optimization,B-tree,0,-0.005933871
Central_processing_unit,Automated_theorem_proving,0,-0.004708989
Recurrence_relation,Algorithm,1,0.06049867
Object-oriented_programming,3D_computer_graphics,0,-0.013651507
B-tree,3D_computer_graphics,0,0.00425086
Monte_Carlo_method,Computation,1,0.00656876
Cache_coherence,Parallel_computing,1,0.339298458
User_interface,Programming_paradigm,0,0.103808603
Artificial_intelligence,Mathematics,1,-0.000603197
Complexity_class,Algorithm,1,0.269364926
User_interface,CPU_cache,0,-0.006865415
Relational_model,Database,1,0.303091454
Ordinary_differential_equation,Polynomial,1,0.052761418
Array_data_structure,Quantum_mechanics,0,0.013551375
Parsing,Algorithm,1,0.107720589
Computer_programming,Algorithm,1,0.24015531
Semantics,Dynamic_programming,0,-0.010959863
Probability,Mathematics,1,0.120499404
Formal_language,Discrete_mathematics,1,-0.111068436
Congestion_control,Syntax,0,0.0
Polymorphism_(computer_science),Personal_computer,0,0.009465426
Digital_signature,Data_mining,0,-0.00722089
Information_security,Sparse_matrix,0,-0.014397296
Transaction_processing,Database,1,0.501266976
Speech_recognition,Markov_chain,1,0.001379244
Poisson_distribution,Random_variable,1,0.143395168
Very_long_instruction_word,Computer_software,0,0.044611462
Very_long_instruction_word,Computer_simulation,0,0.002467279
Computational_complexity_theory,Computational_problem,1,-0.488178166
Coding_theory,Theoretical_computer_science,1,-0.019281701
Concurrency_control,Algorithm_design,1,0.087411412
Data_structure,Data_(computing),1,-0.007605962
Fast_Fourier_transform,Algorithm,1,0.086810283
Recursively_enumerable_set,Conditional_probability,0,0.005320584
Firewall_(computing),Information_assurance,1,-0.042740858
Computer_graphics,Scientific_visualization,0,-0.377202442
Ray_tracing_(graphics),Markov_chain,0,0.0
File_system,Prediction,0,0.0
Programmer,Graph_coloring,0,-0.002148665
Artificial_intelligence,Numerical_analysis,1,-0.160438998
NP_(complexity),Computational_complexity_theory,1,-0.008140856
Exponential_family,Software_framework,0,-0.007283852
Cloud_computing,Computer_network,1,0.458521342
C++,Object-oriented_programming,1,-0.155883557
Probability_theory,Mathematics,1,0.340799024
Recommender_system,"Best,_worst_and_average_case",0,-0.011604072
Control_flow,Social_network,0,-0.000979617
Flow_network,Ray_tracing_(graphics),0,0.0
Peer-to-peer,Control_flow,0,-0.003961686
Tensor,Mathematics,1,0.50694583
Human-computer_interaction,Interface_(computing),1,-0.039071703
Robotics,Computer_science,1,-0.020217591
Program_optimization,Debugging,0,0.082655335
Programmer,Finite_set,0,0.0
Virtual_memory,Memory_hierarchy,1,-0.237197976
System_programming,MATLAB,0,0.094075955
Java_(programming_language),Stochastic_process,0,-0.000802929
Propositional_calculus,Logic,1,0.367839766
Modular_arithmetic,Kalman_filter,0,-0.00926308
Regular_language,Computability,1,-0.237750513
Computer_graphics,Algorithm_design,1,0.029981943
Mathematics,Lazy_evaluation,0,-0.06487123
Support_vector_machine,Firewall_(computing),0,0.002179068
Uncertainty,Sequence_alignment,0,0.0
Type_system,Model_checking,0,-0.124912687
Software_development,Software_design,1,0.289342656
Natural_language_processing,Machine_learning,1,0.022744385
MATLAB,Programming_language,1,0.083173542
Compiler_optimization,Digital_signature,0,0.002815944
Vector_processor,Regular_language,0,0.004846418
C++,Computer,1,-0.039453484
Monte_Carlo_method,Big_data,0,-0.00488966
Computational_geometry,Computational_science,1,-0.041544978
Suffix_tree,String_searching_algorithm,1,-0.351588844
Programming_paradigm,Computational_science,1,-0.042975832
Sequence_alignment,Probability,1,0.023005901
Queue_(data_structure),Sentiment_analysis,0,0.0
Formal_language,Logic,1,0.445508527
Integer,Kernel_(computing),0,-0.037184596
Algorithm,Computability,1,-0.349533578
Reason,Mathematical_optimization,0,-2.71e-05
Statistical_inference,Software_design,0,-0.004886554
Vulnerability_(computing),Coding_theory,0,-0.008575158
Python_(programming_language),Digital_signature,0,-0.021473957
Model_of_computation,Computation,1,-0.071231344
Computer_graphics,Personal_computer,1,0.021342431
Query_language,Computer_programming,1,0.028301152
Sufficient_statistic,Theoretical_computer_science,0,-0.012390911
Java_(programming_language),Programming_language,1,-0.075494638
NP_(complexity),User_interface,0,-0.010237026
3D_modeling,Inference,0,0.008653442
Model_of_computation,Relational_algebra,0,-0.012707729
JavaScript,Computer,1,-0.014223105
Calculus_of_variations,Interpolation,0,-0.05115597
User_interface_design,Algorithm,0,0.048730424
Formal_methods,Compiler,0,0.016842161
Scalability,Database_transaction,0,-0.042164163
Recursively_enumerable_set,Recursion,1,0.329409835
Model_checking,Algorithm,1,0.108619402
Arithmetic,Queue_(data_structure),0,-0.01620189
Computational_complexity_theory,Complexity,1,-0.067184594
Support_vector_machine,Python_(programming_language),0,0.035256684
Interpolation,Numerical_analysis,1,0.207048436
Parsing,Computer_programming,1,0.002419895
Compiler_optimization,Functional_programming,0,0.048384982
Query_optimization,Database_management_system,1,0.472550149
Decision_theory,Statistical_inference,1,-0.049832978
Functional_programming,Computer_science,1,0.24245187
Bayesian_network,Conditional_probability,1,0.14119336
Atomicity_(database_systems),Database,1,0.207066006
Web_server,Computer,1,0.022082788
Object-oriented_programming,High-level_programming_language,1,-0.344005351
Computer_animation,Image,1,-0.03856828
Polymorphism_(computer_science),Abstract_data_type,1,0.391952027
Automated_theorem_proving,PSPACE,0,-0.046301586
Computability,Correlation_and_dependence,0,0.0
Congestion_control,Computer_network,1,0.158007837
Signal_processing,Object_(computer_science),0,0.004692544
Combinatorics,Mathematics,1,0.286053484
Parallel_computing,Computing,1,-0.1803767
Theoretical_computer_science,Computer_science,1,0.195830295
Shared_memory,Martingale_(probability_theory),0,0.0
Matrix_(mathematics),Computer_graphics,0,0.025616465
Computing,Document_classification,0,-0.006630204
Linear_algebra,Mathematics,1,0.314823823
Reason,Database_management_system,0,0.004562564
Web_service,Computer_network,1,0.108114817
Decision_theory,Random_variable,1,0.076575918
Assembly_language,Instruction_set,1,-0.074830546
Floating_point,Computer_multitasking,0,0.00197056
Profiling_(computer_programming),Algorithm,1,0.106577788
Concurrency_(computer_science),Computation,1,-0.050834699
OSI_model,Semidefinite_programming,0,0.0
Robotics,Software_engineering,1,-0.048589448
Fast_Fourier_transform,Signal_processing,1,0.011675276
Type_system,Software_development,0,0.035307623
Design_of_experiments,Statistical_hypothesis_testing,1,0.049799649
Automated_theorem_proving,Mathematical_induction,1,-0.487550404
Lazy_evaluation,Server_(computing),0,0.030141933
Recursively_enumerable_set,Robotics,0,0.0
Computational_learning_theory,Support_vector_machine,0,0.141798407
Transaction_processing,Database_management_system,1,0.501266976
Type_system,Programming_language,1,0.119731157
Wavelet,Web_search_engine,0,0.0
Data_(computing),Web_search_engine,0,-0.029271344
Linear_programming,Mathematical_optimization,1,0.079513434
Database_design,Mathematical_induction,0,0.0
Quantum_computer,Computer_science,1,0.068920228
Database_system,Support_vector_machine,0,-0.027447933
Shared_memory,Image_processing,0,0.02844863
Cryptography,Number_theory,1,-0.140437542
Geometric_modeling,Web_search_engine,0,0.0
Relational_database,Database_management_system,1,0.267420525
Kalman_filter,System_call,0,0.0
Graphics,Formal_grammar,0,0.007402833
Computer_graphics,Computer_programming,1,-0.180278871
Mathematical_model,Linear_programming,0,0.008085987
Database_management_system,Database,1,0.0
Computer_security,Problem_solving,0,-0.00088758
Database_management_system,Database_transaction,1,-0.404460643
Microprocessor,Problem_solving,0,-0.001205062
Inheritance_(object-oriented_programming),Programming_language,1,0.178207456
Abstraction_(computer_science),Computer_programming,1,0.069085074
Markov_process,Conditional_probability,1,-0.321165078
Graphics_processing_unit,Security,0,-0.03961387
Lock_(computer_science),Fourier_analysis,0,0.0
Boundary_value_problem,System_call,0,0.0
Model_of_computation,Computational_complexity_theory,1,0.262558475
Floating_point,Routing,0,-0.004921185
Computer_graphics,Computer,1,0.000361331
Relational_model,Predicate_logic,1,0.064877213
Dynamic_programming,Algorithm,1,0.150313759
Rendering_(computer_graphics),Image,0,0.044665293
Virtual_reality,Computer_graphics,1,0.023560512
Pushdown_automaton,Finite-state_machine,1,0.307122731
Social_network,Graph_(mathematics),1,0.117700233
Abstraction_(computer_science),Processor_register,0,0.00408535
Gradient_descent,Graphics_processing_unit,0,0.041169921
Assembly_language,Programming_paradigm,0,-0.135146264
Computational_complexity_theory,Theory_of_computation,1,-0.305765623
Parallel_computing,Computer_programming,1,0.053094341
System_call,Interactivity,0,0.0
Amortized_analysis,"Best,_worst_and_average_case",1,-0.11204725
Abstract_data_type,Combinatorics,0,0.017305773
Machine_translation,Natural_language,1,0.072920311
Cryptography,Authentication,1,-0.035875606
Uncertainty,Genetic_algorithm,0,0.0063491
Symmetric_multiprocessing,Variable_(computer_science),0,-0.009585587
Atomicity_(database_systems),Automata_theory,0,0.014407598
Statistical_inference,Probability,1,0.004297616
Expert_system,Uncertainty,0,0.002758565
Inequality_(mathematics),Integer,1,0.20945978
Combinatorics,Motion_capture,0,0.006425571
Sparse_matrix,Finite-state_machine,0,0.015422334
Procedural_programming,Computer_science,1,0.250521282
Recommender_system,Compiler,0,-0.005984024
Numerical_analysis,Internet,0,0.040687594
String_searching_algorithm,Algorithm,1,0.185197899
Message_Passing_Interface,Synchronization,1,0.003648516
Computational_complexity_theory,Computability,1,-0.343794471
Computer_programming,Computing,1,-0.069810065
Fast_Fourier_transform,Computer,0,0.054199458
Stochastic,Probability_theory,1,0.118914055
Random_graph,Context-free_grammar,0,0.00269097
Compiler,Regular_expression,1,-0.051041199
Digital_electronics,Polynomial,0,0.005547197
Statistical_inference,Random_variable,1,-0.308082179
Computational_science,Java_(programming_language),0,0.055910126
Data_mining,Spanning_tree,0,-0.010468278
Volume_rendering,Rendering_(computer_graphics),1,-0.166009995
Randomness,Mathematics,1,0.140940283
Semantics,Packet_switching,0,0.001721435
Graph_(mathematics),Modular_arithmetic,0,0.007922415
Genetic_algorithm,Theoretical_computer_science,0,-0.016293766
Analysis_of_algorithms,Computational_science,1,-0.036026962
Robotics,Kinematics,1,-0.019747223
Turing_machine,Computer_science,1,0.103022231
Finite_element_method,Polynomial,1,0.060685116
Parsing,Formal_grammar,1,0.169853611
Wavelet,Model_checking,0,0.0
Relational_database_management_system,Database,1,0.267420525
Image_processing,Flow_network,0,0.0
Martingale_(probability_theory),Robotics,0,0.002524114
Finite-state_machine,Central_processing_unit,0,-0.284949489
Motion_planning,Inference,0,-0.013536441
Recursion_(computer_science),Algorithm,1,0.102662625
Algorithm,Polynomial,1,-0.111518604
Distributed_computing,Computational_complexity_theory,1,-0.105981535
Formal_methods,Parametric_polymorphism,0,-0.03419689
Computer,Arithmetic,1,-0.044668257
Concurrency_control,Computer_programming,1,0.07053888
Autonomous_robot,Graphical_model,0,-0.001851238
NP_(complexity),Approximation_algorithm,0,-0.070055581
Newton's_method,Approximation,1,-0.061960639
Computer_multitasking,Public-key_cryptography,0,0.0
Knowledge_representation_and_reasoning,Finite-state_machine,0,0.001150729
Lisp_(programming_language),Computer_science,1,0.167597277
Ray_tracing_(graphics),Computer_graphics,1,0.139203319
Database_normalization,Java_(programming_language),0,0.048732509
Uncertainty,Volume_rendering,0,0.004855866
Computer_network,Data,1,0.014694964
Abstraction_(computer_science),Computer_architecture,0,0.063672567
Computer_science,Bayesian_probability,0,-0.009594411
Imperative_programming,Instruction_set,0,0.025597581
Java_(programming_language),Computer,1,-0.016145704
Shortest_path_problem,Flow_network,0,0.030441086
Analysis_of_algorithms,Algorithm,1,0.355785449
Lexical_analysis,Introduction_to_Algorithms,0,-0.017606594
Finite-state_machine,Computer_science,1,0.162167815
Software_engineering,Programming_language,1,0.013325474
Computer_vision,Statistical_inference,0,0.014662935
Communication,Message_passing,0,-0.0199816
Pushdown_automaton,Control_flow,0,0.01071171
PageRank,Expected_value,1,0.012649323
Turing_machine,Flow_network,0,-0.010353661
Database_system,Lisp_(programming_language),0,-0.037742662
Algorithm_design,Mathematics,1,0.146581374
Information_theory,Big_data,0,-0.006562587
C++,Genetic_algorithm,0,-0.016435745
Randomized_algorithm,CPU_cache,0,-0.000999799
ML_(programming_language),Functional_programming,1,0.341393198
Complexity,Hidden_line_removal,0,0.0
Expert_system,Artificial_intelligence,1,0.330293406
Context-free_grammar,Inheritance_(object-oriented_programming),0,-0.005330424
Recommender_system,Abstract_data_type,0,-0.002788235
Data,Mobile_device,0,0.003379032
Mathematical_induction,Computational_chemistry,0,0.015228923
Dynamic_programming,Computer_science,1,0.21948946
Discrete_mathematics,Tensor,0,0.156284665
Propositional_calculus,Automatic_programming,0,-0.007806597
Document_classification,Computer_science,1,0.069811875
Very_long_instruction_word,Assembly_language,0,0.076379381
NP-complete,Algorithm,1,0.218899814
Neural_network,Document_classification,0,-0.09305306
Data_type,Programming_language,1,0.222071049
Parsing,Prolog,0,0.04479985
NP-complete,Calculus_of_variations,0,0.003034082
Social_network,Web_browser,0,0.004604452
Calculus_of_variations,Approximation_algorithm,0,-0.020498774
Cryptography,Run_time_(program_lifecycle_phase),0,-0.073122119
Computational_geometry,Algorithm_design,1,0.292559043
Program_optimization,Algorithm,1,0.164030317
Random_walk,Markov_chain,1,0.107486387
Imperative_programming,Variable_(computer_science),1,0.019872476
NP-complete,Communications_protocol,0,0.001126275
Web_service,Packet_switching,0,-0.00859796
Parallel_computing,Computer_science,1,-0.07821859
Pattern_matching,Superscalar,0,-0.004252039
Signal_processing,Unix,0,0.003309597
Mobile_device,Atomicity_(database_systems),0,-0.016022355
Context-free_grammar,Support_vector_machine,0,0.001594508
Shared_memory,Prolog,0,0.023245696
Kernel_(computing),Operating_system,1,0.126246716
Computer_graphics,Geometry,1,0.007041427
Regular_expression,Predicate_logic,0,0.023896113
Sufficient_statistic,Statistical_inference,1,0.156038729
Automatic_programming,Game_theory,0,0.0
Hidden_Markov_model,Data_structure,0,-0.000421224
Gradient_descent,Asymptotic_analysis,0,-0.007459966
Markov_chain,Random_variable,1,0.054553104
Instruction_set,Fixed_point_(mathematics),0,-0.006240531
Fourier_analysis,Run_time_(program_lifecycle_phase),0,0.0
Web_server,Operating_system,1,0.229795619
Database,Data_structure,1,-0.068509056
Haskell_(programming_language),Computer_programming,1,0.045647486
Information_security,Image_analysis,0,-0.0168686
Conditional_probability,Analysis_of_algorithms,0,0.01766497
Graphical_user_interface,Computer,1,0.033880632
Boundary_value_problem,Partial_differential_equation,1,0.238910753
Run_time_(program_lifecycle_phase),List_of_undecidable_problems,0,0.0
Divide_and_conquer_algorithm,Congestion_control,0,-0.004482701
Semantics_of_programming_languages,Rendering_(computer_graphics),0,-0.035389832
Halting_problem,Inference,0,0.481626448
Relational_model,Object_(computer_science),1,0.04149664
Exponential_family,Markov_chain,0,0.004293804
Finite_difference,Numerical_analysis,1,0.066963425
P_versus_NP_problem,Computer_science,1,0.170944775
Differential_equation,Polynomial,0,0.01136723
Software_design,Authentication,0,0.008652049
Bayesian_probability,Conditional_probability,1,0.052387249
CPU_cache,Programming_language,0,0.023450348
Interface_(computing),Concurrency_(computer_science),0,0.022807176
Undecidable_problem,Software_development,0,0.024190615
Operating_system,Input/output,1,-0.219715551
Relational_database,Relational_algebra,1,-0.050871327
Question_answering,Semantics_of_programming_languages,0,0.04881903
Prolog,String_(computer_science),1,0.000496247
Martingale_(probability_theory),Random_variable,1,0.19689199
Predicate_logic,Scope_(computer_science),0,-0.004315867
Very_long_instruction_word,Computer_architecture,1,0.4172892
Ray_tracing_(graphics),Procedural_programming,0,-0.006660914
Graphics_processing_unit,Computer_graphics,1,0.000215469
Visualization_(computer_graphics),Geometry,1,0.032950393
Computer_security,Type_system,0,-0.040936443
Formal_methods,Computer_programming,1,-0.148712369
Unsupervised_learning,Lazy_evaluation,0,-0.000636795
Data_analysis,Problem_solving,1,0.00068696
Programmer,Programming_language,1,0.239591815
NP-complete,Computational_complexity_theory,1,0.244238168
Formal_methods,Programming_language,0,0.131001804
Analysis_of_algorithms,Probability_theory,1,-0.147258287
Hidden_Markov_model,Machine_learning,1,0.180249978
Propositional_calculus,Kinematics,0,-0.001026377
Tensor,Superscalar,0,-0.027018845
Discrete_mathematics,Mathematical_proof,1,0.056847984
PSPACE,Computational_complexity_theory,1,0.469854626
Pattern_matching,Functional_programming,1,0.034331219
Denotational_semantics,Programming_language,1,0.100581104
Linear_algebra,Polynomial,1,-0.039357622
Natural_language,Internet_Protocol_Suite,0,-0.010290967
Processor_register,Stack_(data_structure),1,-0.049787046
Question_answering,Expert_system,1,0.024460705
Mathematical_model,Mathematics,1,0.198683954
Malware,Correlation_and_dependence,0,0.0
Mechanical_engineering,Java_(programming_language),0,0.01252938
Algorithm,Mathematical_induction,1,-0.083722732
Semantics,Prediction,0,-0.018350376
CPU_cache,Central_processing_unit,1,0.213924687
Artificial_intelligence,Computer_programming,1,-0.255166821
Software_engineering,Web_browser,0,0.028254369
Data_warehouse,Data,1,0.115475183
Distributed_computing,Gradient_descent,0,-0.032716052
Database_normalization,Motion_planning,0,0.0
Recursion,Control_flow,1,-0.074700868
Mathematical_optimization,Linear_algebra,1,0.018375084
Syntax,Linked_list,0,-0.008548272
Computer_architecture,Mobile_device,0,-0.012836066
Theory_of_computation,Computer_science,1,0.339561475
Python_(programming_language),Computer_programming,1,-0.052578219
Object-oriented_programming,Computer_programming,1,-0.131509057
Correlation_and_dependence,Bayesian_probability,0,0.557456203
Superscalar,Multi-core_processor,1,0.030045544
Database,Data_(computing),1,-0.053607228
Sentiment_analysis,Exponential_family,0,0.002629827
"Best,_worst_and_average_case",Database_system,0,0.094283835
Cryptography,Computer_science,1,-0.230413856
Data_mining,Scientific_modelling,0,-0.035765497
Natural_language_processing,Computer_science,1,-0.148145797
Data_type,Instruction_set,0,-0.000542892
Pushdown_automaton,Web_service,0,0.009292886
Martingale_(probability_theory),Dynamic_memory_allocation,0,0.0
Cryptography,Algorithm,1,-0.059122177
Continuous_function,File_system,0,0.0
Algorithm,Problem_solving,1,-0.015822524
Logic,Foundations_of_mathematics,1,-0.401917121
Numerical_analysis,Algorithm,1,0.128888608
Neural_network,Pattern_recognition,1,-0.311379408
Motion_capture,Tensor,0,-0.000446025
Mathematical_induction,Cloud_computing,0,0.0
NP_(complexity),Decision_theory,0,0.006501832
Natural_language_processing,Unsupervised_learning,1,-0.105808604
Computational_geometry,Computer_graphics,1,0.226466911
SQL,Programming_language,1,-0.09714066
Data_mining,Algorithm,1,0.132825569
Markov_chain,Conditional_probability,1,-0.321165078
Randomized_algorithm,Control_flow,0,-0.012869441
Peer-to-peer,CPU_cache,0,-0.006346019
Symmetric_multiprocessing,Concurrency_(computer_science),1,0.473966818
Scheduling_(computing),Operating_system,1,0.054315148
Inference,Polymorphism_(computer_science),0,-0.016846957
Theoretical_computer_science,Information_theory,0,0.203669966
Autonomous_robot,Gradient_descent,0,0.020279427
Stack_(data_structure),Array_data_structure,1,0.012179309
Firewall_(computing),Software_testing,0,-0.003409031
Generic_programming,P_versus_NP_problem,0,0.003445945
User_interface,Computer,1,0.067942238
Symbol_table,Compiler,1,0.388323832
Analysis_of_algorithms,Mathematics,1,0.093880585
Computational_complexity_theory,Foundations_of_mathematics,1,-0.133211328
Haskell_(programming_language),Scope_(computer_science),1,-0.111289605
Human-computer_interaction,Interactivity,1,-0.136244071
Database,Data,1,0.000182042
Sufficient_statistic,Software_framework,0,-0.00630143
Memory_hierarchy,Design_of_experiments,0,0.00268927
Distributed_computing,Mutual_exclusion,1,-0.10064261
Logic_programming,Computer_science,1,0.163274016
Markov_chain,Probability_theory,1,0.16778996
Database_design,Database,1,0.161584189
Syntax,Design_pattern_(computer_science),0,-0.009709222
Concurrency_control,Pushdown_automaton,0,0.0
C++,Floating_point,1,-0.155714688
Gradient_descent,MATLAB,0,0.055828391
Relational_database,Computer_science,1,0.054878959
Shading,Context-free_grammar,0,-0.004436443
User_interface_design,Quantum_computer,0,-0.002873647
Deadlock,Operating_system,1,0.110815713
Lexical_analysis,Regular_language,1,0.024983654
Query_language,Computational_learning_theory,0,-0.003752107
Memory_management,Unsupervised_learning,0,0.021183582
B-tree,Ray_tracing_(graphics),0,0.00426384
Programming_paradigm,Differential_equation,0,0.013058489
Malware,Authentication,1,-0.018328058
Iterative_method,Big_data,0,0.0
Random_walk,First-order_logic,0,-0.001141616
Flow_network,Introduction_to_Algorithms,1,0.139704256
High-level_programming_language,Computer_science,1,0.184027665
Prediction,Probability,1,0.082306627
Communication,Microprocessor,0,0.005622007
Knowledge_representation_and_reasoning,Ray_tracing_(graphics),0,0.003442442
Computability,Computer_architecture,0,0.10698522
Computer_architecture,Run_time_(program_lifecycle_phase),0,-0.435977254
Algorithm,Logic,1,0.09072039
Quantum_mechanics,Parametric_polymorphism,0,0.0
Regular_language,Newton's_method,0,-0.003194665
Geometric_modeling,Computational_geometry,1,0.169612235
Formal_methods,Relational_database_management_system,0,0.013121957
Discrete_mathematics,Algebra,1,0.092213453
Artificial_intelligence,Computational_science,1,-0.345800072
Programming_style,Computer_programming,1,0.196324431
Shortest_path_problem,NP-complete,1,-0.006588255
Problem_solving,Approximation,0,-0.010359942
Graph_theory,Automated_theorem_proving,0,0.023950759
Cryptography,Monte_Carlo_method,0,-0.011172971
Boundary_value_problem,Ordinary_differential_equation,1,0.200415277
Mathematical_proof,Design_pattern_(computer_science),0,-0.004177758
Scientific_modelling,Rendering_(computer_graphics),0,-0.170264494
Pattern_recognition,Computer_science,1,0.057375721
Quantum_cryptography,Regular_expression,0,0.003005769
Programmer,Computer_programming,1,0.091236975
Transaction_processing,Computer_programming,1,0.029980701
Partial_differential_equation,Differential_equation,1,0.027113113
Robot,Markov_process,0,0.0
Control_flow,Computer,1,0.012283629
Graphical_model,Random_variable,1,-0.294941188
Robotics,Speech_recognition,1,-0.032253648
Assembly_language,Syntax,1,-0.004668137
Graphical_model,Probability,1,0.020715549
Analysis_of_algorithms,Graph_theory,1,-0.066962476
Complexity,Algorithm,1,0.057727583
Computational_science,Compiler_optimization,0,0.002379004
JavaScript,World_Wide_Web,1,0.06089133
Distributed_computing,Computational_problem,1,-0.149095807
Index_(database),Computer_programming,1,0.05570987
Programming_language,Computability,1,-0.308763537
Abstract_data_type,Computer_science,1,0.446004969
Graph_coloring,Hash_table,0,0.009906976
Artificial_intelligence,Part-of-speech_tagging,0,-0.115895605
User_interface_design,Memory_hierarchy,0,0.001745945
Machine_learning,Scripting_language,0,-0.09425466
Pushdown_automaton,Theory_of_computation,1,0.022379816
Compiler,Assembly_language,1,-0.049623755
NP_(complexity),Random_variable,0,0.003305216
Modular_arithmetic,Scope_(computer_science),0,0.0
Index_(database),Server_(computing),0,0.028492674
Arithmetic_logic_unit,Combinational_logic,1,0.277164323
Python_(programming_language),Object-oriented_programming,1,-0.123728757
Rendering_(computer_graphics),Shading,1,-0.02145356
Software_design,Python_(programming_language),0,-0.079272016
Cryptography,Probability_theory,1,-0.237023757
Computational_geometry,Computer,1,0.06936072
Parallel_computing,Lock_(computer_science),1,-0.029618677
Regular_expression,Operating_system,0,0.167882211
Program_optimization,System_programming,0,0.028776933
Image_processing,Quantum_computer,0,0.012491453
Foundations_of_mathematics,Deadlock,0,-0.013620681
Inequality_(mathematics),Mathematics,1,0.434159439
Speech_recognition,Machine_learning,1,0.075883581
Probability_theory,Algebra,1,0.013691541
Vector_processor,ML_(programming_language),0,0.005761943
Knowledge_representation_and_reasoning,Algorithm_design,1,0.241260201
Time_complexity,Turing_machine,1,0.073534723
Halting_problem,Turing_machine,1,0.129632526
Hidden_Markov_model,Markov_chain,1,0.150386077
Congestion_control,Finite_element_method,0,0.0
Parsing,Data_structure,1,0.036260579
Inference,Congestion_control,0,-0.004482701
Information_theory,Probability_theory,1,-0.259219968
Distributed_algorithms,Continuous_function,0,0.0
Linear_programming,Matrix_(mathematics),1,0.072433714
Cluster_analysis,Computer_science,1,0.024668725
Complexity_class,Geometry,0,0.003950115
List_of_undecidable_problems,Computability,1,-0.024534843
Support_vector_machine,Packet_switching,0,0.0
Pattern_recognition,Probability,1,0.054415671
Scientific_visualization,Computer_graphics,1,0.377202442
Computer_animation,Ray_tracing_(graphics),1,-0.071154726
Computer_vision,Image_processing,1,-0.043336483
Computer_architecture,Computer_science,1,0.128008371
Natural_language,Sufficient_statistic,0,0.0
3D_modeling,Random_walk,0,-0.001703778
Dynamic_programming,Recursion,1,0.079841502
Amortized_analysis,Reinforcement_learning,0,0.029123955
Processor_register,MapReduce,0,0.000405573
Compiler_optimization,Cache_coherence,0,0.057163615
Computer_graphics,Algorithm,1,0.029981943
Multi-core_processor,Thread_(computer_science),1,0.297593301
Formal_verification,Information_assurance,0,0.0
Server_(computing),SQL,0,0.005149305
Syntax,Natural_language,1,-0.027179869
Data_warehouse,Data_structure,1,0.008822334
Software_testing,Bayesian_probability,0,0.006001513
Context-free_grammar,Server_(computing),0,0.0
Neural_network,Amortized_analysis,0,0.0
Nonlinear_system,Coding_theory,0,0.003071949
Combinatorics,Finite_set,1,0.053111856
Probability,Uncertainty,1,-0.075108605
List_of_undecidable_problems,Computational_problem,1,-0.044917142
Software_testing,Computer_programming,1,-0.058101236
Programming_language,Dynamic_programming,0,-0.064882054
Randomization,Lock_(computer_science),0,0.0
Programmer,Parallel_algorithm,0,-0.096667651
Fast_Fourier_transform,Artificial_intelligence,0,0.020656836
Symmetric_multiprocessing,Internet,0,0.070711248
Knowledge_representation_and_reasoning,Computer_science,1,0.146041575
Statistics,User_interface,0,-0.179482268
Computer,NP_(complexity),0,-0.013895003
Profiling_(computer_programming),Correlation_and_dependence,0,0.005215622
Internet,Computer_network,1,0.03985163
Web_search_engine,Algorithm,1,0.073747284
Formal_verification,Computer_science,1,0.206262164
Instruction_set,Computational_problem,0,-0.011401248
Correlation_and_dependence,Random_variable,1,0.150928008
Software_development,Data_structure,1,0.065775888
Transaction_processing,Database_management_system,0,0.501266976
Finite_difference,Database_design,0,-0.001887402
Computer_science,Mathematics,1,-0.024213095
Ordinary_differential_equation,Semidefinite_programming,0,-0.016769777
Expected_value,Web_server,0,0.005723095
Data_warehouse,Instruction_set,0,0.003396165
Symbol_table,Computer_science,1,0.133668766
Data_structure,Data_type,1,-0.199198146
Entropy,Virtual_reality,0,0.009874533
Network_security,Computer_security,1,0.305609667
Superscalar,Computer_architecture,1,0.388591699
Computational_science,Microcode,0,0.001643162
Abstract_data_type,First-order_logic,0,0.019037793
Turing_machine,Computation,1,-0.251388892
Index_(database),Computer_science,1,0.158248418
Denotational_semantics,Computational_chemistry,0,0.005790001
Digital_signature,Run_time_(program_lifecycle_phase),0,0.001052726
Round-off_error,Information_assurance,0,0.0
Operating_system,Computer_programming,1,-0.1903773
Analysis_of_algorithms,Computer_science,1,0.295700491
File_system,Computing,1,0.035753957
Scalability,Software_design,1,0.028256116
Parametric_polymorphism,Data_type,1,0.000720214
Syntax,Game_theory,0,-0.000651736
Stack_(data_structure),Lexical_analysis,0,0.006826484
Social_network,Compiler,0,-0.008053535
Unsupervised_learning,Random_walk,0,0.011546553
Ordinary_differential_equation,Public-key_cryptography,0,0.002240086
Randomized_algorithm,Randomization,1,-0.003882629
Garbage_collection_(computer_science),Computer_science,1,0.186483959
Sequence_alignment,Web_browser,0,0.00453496
Automatic_programming,Computer_programming,1,0.131639925
Support_vector_machine,Knowledge_representation_and_reasoning,0,-0.014982459
Symmetric_multiprocessing,Garbage_collection_(computer_science),0,0.002866895
Functional_programming,Generic_programming,1,-0.062810747
Lexical_analysis,Finite-state_machine,1,0.02091505
Relational_model,Context-free_grammar,0,0.004766283
Lazy_evaluation,Matrix_(mathematics),0,0.019104289
Numerical_analysis,Mathematics,1,0.108910805
Markov_process,Parallel_algorithm,0,-0.004469201
Hidden_line_removal,Numerical_analysis,0,0.038952005
Formal_grammar,String_(computer_science),1,-0.008593954
Object-oriented_programming,Variable_(computer_science),1,-0.15362339
Embedded_system,Program_optimization,0,-0.127067257
Round-off_error,Gradient_descent,0,-0.017438054
Part-of-speech_tagging,Abstract_data_type,0,0.0
Conditional_probability,Martingale_(probability_theory),0,-0.059254606
Inference,OSI_model,0,0.005840115
Computational_complexity_theory,Cryptography,0,0.167246579
Quantum_cryptography,Automated_planning_and_scheduling,0,-0.011068926
Unix,Robot,0,0.002530198
Gradient_descent,Mathematical_optimization,1,0.05287841
Machine_learning,Computational_science,1,-0.251469458
Database_design,Relational_database,1,0.106127216
High-level_programming_language,Computer_graphics,0,0.051563563
Economics,Relational_database,0,0.001452348
Computer_vision,Arithmetic,0,-0.029383392
Polymorphism_(computer_science),Knowledge_representation_and_reasoning,0,0.015679562
Dynamic_programming,Introduction_to_Algorithms,1,0.051071459
Motion_planning,Robotics,1,0.354830194
Abstract_data_type,Cryptography,0,0.026284232
Foundations_of_mathematics,Public-key_cryptography,0,0.009154613
Database_management_system,Computer_science,1,-0.053853887
Web_browser,Unix,0,0.070015255
Computer_architecture,Telecommunications_network,0,-0.005648814
Recurrence_relation,Mathematics,1,0.332550713
File_system,Probability,0,0.010926204
NP_(complexity),Turing_machine,1,0.212713961
Wireless_sensor_network,Communication,1,0.021026141
Imperative_programming,Information_theory,0,0.033274203
Asymptotic_analysis,Stochastic_process,0,0.08014295
Geometric_modeling,Lexical_semantics,0,0.0
Relational_database_management_system,Relational_database,1,0.0
Genetic_algorithm,Algorithm,1,0.345723961
Analysis_of_algorithms,Computation,1,-0.030385744
Floating_point,Recommender_system,0,0.001346176
Robot,Computation,1,0.011140682
Relational_database,Big_data,0,0.014136585
B-tree,Data_structure,1,0.292480569
Relational_database_management_system,Relational_model,1,-0.076087163
Randomized_algorithm,Computational_complexity_theory,1,-0.028082181
Linear_system,Matrix_(mathematics),1,0.086590348
String_searching_algorithm,Computer_science,1,0.492635319
NP_(complexity),Fourier_analysis,0,0.001241851
Structured_programming,Programming_language,1,0.169624904
Randomized_algorithm,Natural_language_processing,0,0.002856045
Data_(computing),Undecidable_problem,0,0.007360595
Program_analysis,Internet_Protocol_Suite,0,0.004841388
Randomness,Pattern_matching,0,0.002743918
Very_long_instruction_word,Quantum_computer,0,0.420188981
Monte_Carlo_method,Expected_value,1,0.068669959
Type_system,Computational_problem,0,-0.014298108
System_programming,Operating_system,1,0.394678193
Relational_database,Graphics,0,0.0
Algorithm,Routing,0,-0.049467124
Geometry,Matrix_(mathematics),1,-0.027140403
Monad_(functional_programming),Input/output,1,0.015418232
Markov_chain,Expected_value,1,-0.056061483
Machine_learning,Quantum_computer,0,-0.080977058
Linear_system,Mathematical_induction,0,0.071519951
Approximation_algorithm,Algorithm,1,0.239467534
Virtual_memory,Computing,1,0.027043076
Flow_network,Monad_(functional_programming),0,0.0
Algorithm,Discrete_mathematics,1,-0.171414973
Fourier_analysis,Polynomial,1,0.028063406
Logic_programming,Run_time_(program_lifecycle_phase),0,-0.01790366
Big_data,Computer_science,1,0.023579663
Mathematical_optimization,Integer,1,0.09349395
Partial_differential_equation,Numerical_analysis,1,0.072574223
Query_language,Programming_language,1,0.08137512
Computer_programming,Data_structure,1,-0.048791558
Multi-core_processor,Central_processing_unit,1,0.226292376
Mathematical_model,Authentication,0,0.0
User_interface_design,Floating_point,0,0.001398553
High-level_programming_language,Queue_(data_structure),0,-0.008748326
Sentiment_analysis,Natural_language_processing,1,-0.051944596
Parallel_algorithm,Parallel_computing,1,0.744931286
Computational_geometry,Algorithm,1,0.292559043
C_(programming_language),Computer_programming,1,-0.024079956
Randomness,Mutual_exclusion,0,-0.012796692
Database_management_system,Computer,1,-0.020390451
Algorithm,Iterative_method,1,-0.224473226
Number_theory,Web_browser,0,0.013071842
Natural_language_processing,Semantics,1,0.085629191
Lisp_(programming_language),Functional_programming,1,0.059948591
Graph_(mathematics),Mathematics,1,0.33203033
Computational_chemistry,Algorithm,1,0.088051534
Numerical_analysis,Approximation,1,-0.107883597
Virtual_reality,Interactivity,1,-0.180736703
Machine_learning,Markov_chain,1,-0.233212047
String_(computer_science),Data_structure,1,-0.061550447
Computer_graphics,Network_security,0,0.007963879
Correlation_and_dependence,Logic,0,0.011105792
Computer_network,Automated_planning_and_scheduling,0,0.021804742
Digital_electronics,Amortized_analysis,0,-0.037221506
Arithmetic_logic_unit,Scope_(computer_science),0,-0.008006604
Instruction_set,Computer_architecture,1,0.384682784
Memory_management,Flow_network,0,0.004295727
Compiler_optimization,Context-free_grammar,0,0.007246827
Programming_language,Computer,1,-0.032841279
Computer_programming,Computational_science,1,-0.025608397
Embedded_system,Bioinformatics,0,-0.050690474
Server_(computing),Lazy_evaluation,0,-0.030141933
Finite_set,Mathematics,1,0.344169689
Parametric_polymorphism,Programming_language,1,0.335564612
Undecidable_problem,Inheritance_(object-oriented_programming),0,-0.034276198
Quantum_cryptography,Cryptography,1,-0.330125577
Data_type,Computer_science,1,0.25579221
Knowledge_representation_and_reasoning,Mathematics,1,0.061615247
Communications_protocol,Communication,1,0.002523199
Geometric_modeling,Algorithm,1,0.158048249
Haskell_(programming_language),Programming_language,1,0.318359272
Finite_element_method,Machine_learning,0,0.014559177
Distributed_computing,Computer_programming,1,0.070708541
Distributed_computing,Computer_network,1,0.277709387
File_system,Algorithm,0,0.03759614
Exponential_family,Probability_theory,1,0.187448472
Congestion_control,Pattern_recognition,0,0.0
B-tree,Feature_extraction,0,0.0
Part-of-speech_tagging,Personal_computer,0,0.010069348
Concurrency_control,Computer,1,0.178200402
Natural_language_processing,MapReduce,0,-0.018324414
Machine_learning,Computer_programming,1,-0.214676668
Regular_language,Finite-state_machine,1,0.021014733
Message_passing,Theory_of_computation,0,0.015632986
Sequence_alignment,Sparse_matrix,0,0.003141778
Neural_network,Design_pattern_(computer_science),0,-0.004080197
Software_design,Computer_programming,1,-0.222972024
Database_management_system,Big_data,0,-0.051876216
Database_design,Relational_model,1,0.079078124
Turing_machine,Control_flow,0,-0.013035845
Analysis_of_algorithms,Computer_programming,1,-0.084474599
Assembly_language,Computer_science,1,0.093181046
"Best,_worst_and_average_case",Formal_verification,0,0.0
Data_analysis,Exponential_family,0,0.076580398
Wavelet,Signal_processing,1,-0.01219552
Stochastic_process,Randomization,1,-0.030160541
Statistics,Pattern_matching,0,-0.010007459
User_interface_design,Computer,1,0.031358799
Decision_theory,Kernel_(computing),0,-0.00534154
Parsing,Python_(programming_language),0,0.117151761
Economics,Software_testing,0,-0.01692323
Analysis_of_algorithms,Shared_memory,0,-0.016482213
Computer_vision,Pattern_recognition,1,0.097601175
Computer_architecture,Computer,1,0.020153112
Run_time_(program_lifecycle_phase),C_(programming_language),0,0.142395543
Compiler_optimization,Assembly_language,1,0.12234722
Spanning_tree,Graph_theory,1,0.326252363
Software_testing,Bioinformatics,0,0.018186053
Haskell_(programming_language),Functional_programming,1,0.27069467
Hash_table,Data_structure,1,0.046176745
Operating_system,Probability_theory,0,-0.032743835
Variable_(computer_science),Computer_programming,1,0.180818995
Context-free_grammar,Mutual_exclusion,0,0.004436443
Computational_complexity_theory,Computer_science,1,0.041433121
Cryptanalysis,Database_design,0,0.0
Lexical_analysis,Formal_grammar,1,0.114109208
Machine_learning,Graph_theory,1,-0.138412323
Cryptography,Information_security,1,-0.08531737
Gradient_descent,Algorithm,1,0.12465849
Random_graph,Data_type,0,0.006251593
Algorithm_design,Wavelet,0,-0.027918575
Kinematics,Vulnerability_(computing),0,0.0
Computing,Computation,1,0.00466115
Inequality_(mathematics),Software_engineering,0,0.004121466
Functional_programming,Cloud_computing,0,0.008919599
Boundary_value_problem,Matrix_(mathematics),0,0.044306644
Database,Computer_science,1,-0.053853887
Algorithm,Foundations_of_mathematics,1,-0.047860628
Concurrent_computing,Computer,1,-0.001266884
Queue_(data_structure),Functional_programming,0,0.065514347
Interpolation,3D_modeling,0,-0.008789265
Traffic_analysis,Cryptography,1,0.460699518
Denotational_semantics,Congestion_control,0,0.0
Cryptographic_hash_function,Information_security,1,0.0031455
Polymorphism_(computer_science),Computer_science,0,0.241655076
Parallel_algorithm,Divide_and_conquer_algorithm,0,-0.026185135
Control_flow,Scope_(computer_science),1,-0.009798003
Virtual_reality,C_(programming_language),0,0.007165837
Programming_paradigm,Programming_language,1,0.068082168
Transaction_processing,Mathematical_induction,0,0.0
Computer_simulation,Computer_science,1,0.040263393
Query_optimization,Relational_database,1,0.201055923
Symmetric_multiprocessing,Firewall_(computing),0,-0.001414869
Asymptotic_analysis,Inequality_(mathematics),0,0.013969941
Digital_electronics,Packet_switching,0,0.008912355
Machine_learning,Expected_value,1,-0.010152175
Introduction_to_Algorithms,Vulnerability_(computing),0,0.0
Application_programming_interface,Parallel_computing,0,-0.17648088
Divide_and_conquer_algorithm,Algorithm_design,1,0.249932844
Machine_learning,Algorithm_design,1,0.089814425
Software_testing,Uncertainty,0,0.00925032
Firewall_(computing),Network_security,1,-0.093560841
Computer_science,Number_theory,1,-0.186765772
Hidden_Markov_model,Dynamic_programming,1,-0.00190152
Deadlock,Computer_multitasking,1,-0.276436896
Computer_graphics,Stochastic,0,-0.018332997
Linear_system,Computing,0,-0.002031866
Cryptography,Sparse_matrix,0,-0.026343952
Digital_electronics,Network_security,0,0.023224865
Firewall_(computing),Computer_science,0,0.009427945
Artificial_intelligence,Graph_theory,1,-0.151878349
Finite_element_method,Numerical_analysis,1,0.205381944
Poisson_distribution,Expected_value,1,0.185260499
Memory_hierarchy,Image_processing,0,-0.00740148
Parametric_polymorphism,Variable_(computer_science),1,-0.003243358
Software_design,Computational_science,0,-0.061935367
Mathematical_model,Ray_tracing_(graphics),0,0.007261828
Haskell_(programming_language),Random_variable,0,0.002311233
Theoretical_computer_science,Discrete_mathematics,1,0.140874934
Computer_programming,Relational_model,0,-0.042665013
Distributed_computing,Relational_database,0,-0.027111008
Relational_database_management_system,Finite_element_method,0,0.0
Wireless_sensor_network,Scientific_visualization,0,0.0
Rendering_(computer_graphics),Memory_hierarchy,0,0.000442892
Kalman_filter,Thread_(computer_science),0,0.002071981
Software_engineering,Data_structure,1,-0.026433554
Arithmetic_logic_unit,Digital_electronics,1,0.335156724
Object_(computer_science),Scope_(computer_science),0,-0.146080052
Cryptography,Modular_arithmetic,1,-0.10451063
Robotics,Artificial_intelligence,1,-0.022713823
Linked_list,Large_deviations_theory,0,0.0
Statistical_hypothesis_testing,Random_variable,1,-0.349746716
Relational_model,Data_type,1,0.144369291
Computer_network,Data_(computing),1,-0.458521342
Relational_database,C++,0,0.105081377
Recommender_system,Shortest_path_problem,0,0.004247174
Functional_programming,Programming_language,1,0.115317107
Design_of_experiments,Signal_processing,0,-0.014945826
Security,Telecommunications_network,0,0.010211587
Calculus,Large_deviations_theory,0,-0.043687626
Relational_algebra,Object_(computer_science),0,0.019736716
Assembly_language,Application_software,0,-0.019462554
Concurrency_control,System_call,0,0.004773021
Input/output,Computational_complexity_theory,0,0.054567442
Pattern_matching,Distributed_computing,0,0.015762693
Computer_network,Graph_(mathematics),1,0.048778134
Undecidable_problem,Divide_and_conquer_algorithm,0,-0.011491782
Robotics,Mechanical_engineering,1,-0.061440194
Robotics,Shortest_path_problem,0,0.000963845
Computer_security,Encryption,0,-0.146536064
Feature_extraction,Algorithm,1,0.136421544
Memory_hierarchy,Operating_system,0,0.132532914
Compiler,Parsing,1,-0.069508108
Information_theory,Random_variable,1,0.012998694
Modular_programming,Statistical_hypothesis_testing,0,0.002333667
Internet_Protocol_Suite,Computer_network,1,0.17326564
Graphical_user_interface,Formal_language,0,0.017408662
Introduction_to_Algorithms,Computing,0,0.01232651
Big_data,Internet,0,0.032049027
Java_(programming_language),OSI_model,0,-0.009807548
Mathematics,Foundations_of_mathematics,1,-0.268064611
Introduction_to_Algorithms,Recurrence_relation,0,-0.052771433
Personal_computer,Computer,1,0.026507752
Computer_vision,Analysis_of_algorithms,1,-0.282975473
PageRank,Natural_language,0,0.035859288
Pipeline_(computing),Central_processing_unit,1,0.140414318
Personal_computer,Motion_planning,0,-0.010239471
JavaScript,Programming_language,1,-0.048814607
Internet,Random_graph,0,-0.020917402
Markov_chain,Web_server,0,0.002451142
Divide_and_conquer_algorithm,Algorithm,1,0.249932844
Cache_coherence,Theory_of_computation,0,0.003362469
Programming_paradigm,Computer_science,1,0.162697667
Semidefinite_programming,Approximation_algorithm,1,0.185669083
Control_flow,High-level_programming_language,0,0.118205459
Regular_expression,P_versus_NP_problem,0,0.020268476
Partial_differential_equation,Haskell_(programming_language),0,-0.002311233
C_(programming_language),Automated_theorem_proving,0,-0.033191843
Software_engineering,Computer_programming,1,-0.210299857
Lazy_evaluation,Programming_language,1,0.322453129
Multi-core_processor,Parallel_computing,1,0.343128853
Automatic_programming,Autonomous_robot,0,0.0
Rendering_(computer_graphics),Mathematics,1,0.019246982
Computer_programming,Computer_science,1,0.270937986
Eigenvalues_and_eigenvectors,Matrix_(mathematics),1,0.158308962
Halting_problem,Concurrency_control,0,0.0
Image_analysis,World_Wide_Web,0,0.035394237
Linear_system,Inheritance_(object-oriented_programming),0,0.0
Cryptographic_hash_function,Encryption,1,0.111497365
Monad_(functional_programming),Functional_programming,1,0.13203734
Communications_protocol,Algorithm,1,0.157040944
Concurrency_(computer_science),Computer_science,1,0.076700304
Robot,Turing_machine,0,0.004046349
Markov_chain,Traffic_analysis,0,-0.00602736
OSI_model,Monte_Carlo_method,0,-0.003390161
Database,Operating_system,1,0.034225937
Software_testing,Programming_language,1,0.108114517
Type_system,Reinforcement_learning,0,0.029449714
Central_processing_unit,Computer,1,-0.042617209
Random_walk,Graph_(mathematics),1,0.046297155
Compiler_optimization,Symmetric_multiprocessing,0,0.022649089
Hidden_line_removal,Graph_theory,0,0.042317451
Mathematical_optimization,Algorithm,1,-0.013472353
Algebra,Mathematics,1,0.414795985
Exponential_family,Random_variable,1,-0.169227534
Visualization_(computer_graphics),Computer_science,0,0.067209638
Firewall_(computing),Data,1,0.023027791
Autonomous_robot,Motion_planning,1,0.092967923
Compiler,Computer_science,1,0.180102571
Lazy_evaluation,Formal_methods,0,0.013831012
Newton's_method,Mathematical_optimization,1,0.169429097
Computational_geometry,Mathematics,1,0.236342241
Model_of_computation,Computer_science,1,0.377049662
Hash_table,"Best,_worst_and_average_case",1,-0.166713524
Software_framework,Control_flow,1,0.00676722
Algorithm,Computation,1,-0.175243163
Automated_theorem_proving,Predicate_logic,1,0.006318469
Gradient_descent,Turing_machine,0,0.013027536
Suffix_tree,Knowledge_representation_and_reasoning,0,0.003289035
Database,Algorithm_design,1,0.05132487
CPU_cache,Expert_system,0,-0.018251515
P_versus_NP_problem,Integer,1,0.02808559
Design_of_experiments,Kernel_(computing),0,0.0
Cache_coherence,Shared_memory,1,0.045917496
Knowledge_representation_and_reasoning,Logic,1,0.132874938
Algorithm,Computer_science,1,-0.074289158
Sentiment_analysis,Document_classification,1,-0.293793673
Information_theory,Quantum_computer,0,-0.096380173
Garbage_collection_(computer_science),Natural_language,0,0.012536212
Economics,Procedural_programming,0,0.0
Martingale_(probability_theory),Probability_theory,1,0.582019312
Hidden_Markov_model,Automated_theorem_proving,0,0.010288622
Multiplication,Mathematics,1,0.40696149
Algorithm_design,Analysis_of_algorithms,1,-0.355785449
Parallel_computing,Digital_signature,0,-0.003353749
Semantics_of_programming_languages,Programming_language,1,0.11060461
Personal_computer,Rendering_(computer_graphics),0,-0.012883357
Python_(programming_language),Assembly_language,0,-0.015885282
Poisson_distribution,Formal_grammar,0,-0.003075685
Personal_computer,Public-key_cryptography,0,-0.017942801
Theoretical_computer_science,Mathematics,1,0.136453334
Software_engineering,Stochastic,0,-0.01207844
Parallel_algorithm,Structured_programming,0,0.050029995
Relational_database,Database,1,0.267420525
Reason,Ray_tracing_(graphics),0,0.0
Randomized_algorithm,Cryptanalysis,0,-0.009128955
Computer_animation,Computational_geometry,1,-0.127162861
Semantics,Higher-order_function,0,-0.014956728
Relational_model,Mathematical_proof,0,0.000532286
Pattern_matching,Integer,0,0.077201652
Knowledge_representation_and_reasoning,Algorithm,1,0.241260201
Natural_language_processing,HTML,0,0.018343428
Boundary_value_problem,Nonlinear_system,1,-0.129011856
Logic_programming,Distributed_algorithms,0,-0.020286084
Parsing,Natural_language,1,0.086944721
Estimation_theory,Expected_value,1,0.117607807
Database_design,Data_structure,1,-0.007455354
Random_walk,Time_complexity,0,-0.00018638
Matrix_(mathematics),Kernel_(computing),0,-0.041827393
Data_structure,Computer_science,1,0.392923206
World_Wide_Web,Computer,1,0.002875371
Neural_network,Artificial_intelligence,1,0.118784244
Higher-order_function,Fourier_analysis,0,0.026536223
Large_deviations_theory,Visualization_(computer_graphics),0,0.010938659
Computational_chemistry,Computer_science,1,-0.052227801
Computer_science,Logic,1,0.027484139
Pipeline_(computing),Fixed_point_(mathematics),0,0.0
Garbage_collection_(computer_science),Game_theory,0,0.001755485
Calculus,Algebra,1,-0.14857732
Numerical_analysis,Polynomial,1,-0.059822418
Database_design,Relational_database_management_system,0,0.106127216
Robotics,Analysis_of_algorithms,1,-0.043152482
Finite_difference,Polynomial,1,0.094232643
Symbol_table,Scientific_modelling,0,0.0
Scripting_language,Computer_programming,1,0.017436073
Operating_system,Computing,1,-0.220684296
Spanning_tree,Regular_expression,0,0.0
Performance_tuning,Iterative_method,0,0.0
Web_browser,Computer,1,-0.020917851
Computational_chemistry,3D_modeling,0,-0.017947596
High-level_programming_language,Information_theory,0,0.036088557
Control_flow,Programming_language,1,0.364713476
Hidden_line_removal,Algorithm,1,0.12440512
Microcode,Differential_equation,0,0.00639736
Operating_system,Theory_of_computation,0,-0.182002875
Software_testing,Software_development,1,-0.065497204
3D_modeling,Algorithm,1,0.08023035
Data_mining,Computer_science,1,-0.044026539
Martingale_(probability_theory),Automata_theory,0,0.023218739
Random_graph,Mathematics,1,0.213520748
Artificial_intelligence,Computer,1,-0.027365276
Algorithm_design,Computer_science,1,-0.074289158
Geometric_modeling,Procedural_programming,0,0.0
Speech_recognition,Computer_science,1,0.013070658
Unix,Computer,1,-0.02180205
Relational_database,Computer_programming,1,0.015188667
Mathematical_induction,Mathematical_proof,1,0.020792182
Human-computer_interaction,Linear_system,0,0.0
Imperative_programming,Programming_language,1,0.174853293
Cryptanalysis,Information_security,1,0.004233711
Deadlock,Geometric_modeling,0,0.0
Unsupervised_learning,Network_security,0,0.004510475
Interactivity,Decision_theory,0,0.0
Software_development,Computer_science,1,0.299067247
Relational_database,Relational_model,1,-0.076087163
Natural_language_processing,ML_(programming_language),0,-0.044050084
Web_browser,Recursively_enumerable_set,0,0.0
Software_development,JavaScript,0,0.003135698
Assembly_language,Computer_programming,1,-0.031491556
Internet_Protocol_Suite,Computer,1,0.015681973
Part-of-speech_tagging,Statistics,0,0.044585797
Data_type,Scheduling_(computing),0,-0.002586313
Game_theory,Mathematical_optimization,1,-0.030615782
Sentiment_analysis,Machine_learning,1,0.133851249
Lexical_analysis,Lexical_semantics,0,0.03216448
Data_(computing),Communication,0,0.012579263
Hidden_line_removal,User_interface_design,0,0.078190638
Artificial_intelligence,Programming_language,1,-0.161926895
Computer_programming,Program_analysis,0,-0.212662459
Machine_translation,Object_(computer_science),0,-0.01155121
Algorithm,Theoretical_computer_science,1,-0.238551264
Embedded_system,Operating_system,1,0.117910834
Database_design,Peer-to-peer,0,0.000602782
Graph_(mathematics),Discrete_mathematics,1,-0.051011594
Vulnerability_(computing),Computer_animation,0,0.010369126
Graphical_model,Scientific_modelling,1,-0.018946923
Programming_paradigm,Data_structure,1,0.038877291
Computer_programming,Computational_complexity_theory,1,0.167018835
Recursively_enumerable_set,Algorithm,1,0.107391639
MapReduce,Parallel_computing,1,0.022169938
"Best,_worst_and_average_case",Sparse_matrix,0,0.158400038
Computer_science,Discrete_mathematics,1,-0.141151979
Markov_process,Probability_theory,1,0.16778996
Parallel_computing,P_versus_NP_problem,0,-0.047201038
Relational_database_management_system,Relational_algebra,1,-0.050871327
Quantum_mechanics,Randomness,1,-0.026842611
C_(programming_language),Synchronization,0,-0.003546516
Parallel_algorithm,Computer_science,1,0.22754649
Java_(programming_language),Algorithm,0,-0.014580189
Communications_protocol,Round-off_error,0,0.001473118
Digital_electronics,Problem_solving,0,0.003664565
Shading,Transaction_processing,0,0.0
Digital_signature,Security,0,-0.015754602
Finite_difference,Boundary_value_problem,1,-0.011534555
Scripting_language,Computer,1,0.011509703
Index_(database),Relational_database,1,0.151512079
Scope_(computer_science),Approximation,0,0.0
Computer_multitasking,Malware,0,-0.003497881
Malware,Flow_network,0,0.008169618
Asymptotic_analysis,Web_server,0,0.0
Hidden_Markov_model,Artificial_intelligence,1,-0.001872253
Image_analysis,Computer_science,1,0.112867474
Software_engineering,Debugging,1,-0.201917081
Polymorphism_(computer_science),Programming_style,0,0.0
Message_Passing_Interface,Inter-process_communication,1,-0.006416958
Computer_vision,Geometry,1,-0.029226341
PageRank,Automata_theory,0,0.008763842
Bioinformatics,Algorithm,1,0.078505704
Economics,Mathematical_optimization,1,-0.036833927
Prolog,Programming_language,1,-0.041949598
Machine_learning,Mathematical_optimization,1,0.01872574
Perl,Lexical_semantics,0,-0.014045355
Discrete_mathematics,Mathematics,1,0.426355472
Eigenvalues_and_eigenvectors,Relational_database,0,0.0
Lisp_(programming_language),Scope_(computer_science),1,-0.151150603
Boundary_value_problem,Garbage_collection_(computer_science),0,0.0
Bayesian_probability,Data,1,-0.400697728
Interpolation,Mathematics,1,0.273683613
